--
-- PostgreSQL database dump
--

-- Dumped from database version 12.22 (Ubuntu 12.22-0ubuntu0.20.04.4)
-- Dumped by pg_dump version 12.22 (Ubuntu 12.22-0ubuntu0.20.04.4)

SET statement_timeout = 0;
SET lock_timeout = 0;
SET idle_in_transaction_session_timeout = 0;
SET client_encoding = 'UTF8';
SET standard_conforming_strings = on;
SELECT pg_catalog.set_config('search_path', '', false);
SET check_function_bodies = false;
SET xmloption = content;
SET client_min_messages = warning;
SET row_security = off;

SET default_tablespace = '';

SET default_table_access_method = heap;

--
-- Name: categories; Type: TABLE; Schema: public; Owner: postgres
--

CREATE TABLE public.categories (
    id bigint NOT NULL,
    created_at timestamp(6) without time zone NOT NULL,
    description text,
    name character varying(50) NOT NULL,
    updated_at timestamp(6) without time zone NOT NULL
);


ALTER TABLE public.categories OWNER TO postgres;

--
-- Name: categories_id_seq; Type: SEQUENCE; Schema: public; Owner: postgres
--

ALTER TABLE public.categories ALTER COLUMN id ADD GENERATED BY DEFAULT AS IDENTITY (
    SEQUENCE NAME public.categories_id_seq
    START WITH 1
    INCREMENT BY 1
    NO MINVALUE
    NO MAXVALUE
    CACHE 1
);


--
-- Name: post_tags; Type: TABLE; Schema: public; Owner: postgres
--

CREATE TABLE public.post_tags (
    post_id bigint NOT NULL,
    tag character varying(255)
);


ALTER TABLE public.post_tags OWNER TO postgres;

--
-- Name: posts; Type: TABLE; Schema: public; Owner: postgres
--

CREATE TABLE public.posts (
    id bigint NOT NULL,
    content text,
    created_at timestamp(6) without time zone,
    deleted_at timestamp(6) without time zone,
    image_url character varying(255),
    is_published boolean,
    slug character varying(255) NOT NULL,
    summary character varying(255),
    title character varying(256) NOT NULL,
    updated_at timestamp(6) without time zone,
    view_count bigint NOT NULL,
    is_deleted boolean NOT NULL,
    author_id bigint NOT NULL,
    category_id bigint
);


ALTER TABLE public.posts OWNER TO postgres;

--
-- Name: COLUMN posts.is_deleted; Type: COMMENT; Schema: public; Owner: postgres
--

COMMENT ON COLUMN public.posts.is_deleted IS 'Soft-delete indicator';


--
-- Name: posts_id_seq; Type: SEQUENCE; Schema: public; Owner: postgres
--

ALTER TABLE public.posts ALTER COLUMN id ADD GENERATED BY DEFAULT AS IDENTITY (
    SEQUENCE NAME public.posts_id_seq
    START WITH 1
    INCREMENT BY 1
    NO MINVALUE
    NO MAXVALUE
    CACHE 1
);


--
-- Name: users; Type: TABLE; Schema: public; Owner: postgres
--

CREATE TABLE public.users (
    id bigint NOT NULL,
    created_at timestamp(6) without time zone NOT NULL,
    email character varying(255) NOT NULL,
    failed_attempt integer DEFAULT 0 NOT NULL,
    firstname character varying(255),
    lastname character varying(255),
    lock_time timestamp(6) without time zone,
    otp character varying(255),
    otp_attempts integer DEFAULT 0 NOT NULL,
    otp_expiry timestamp(6) without time zone,
    password character varying(255) NOT NULL,
    profile_image_url character varying(255),
    roles character varying(255),
    updated_at timestamp(6) without time zone NOT NULL,
    username character varying(255) NOT NULL,
    active boolean NOT NULL
);


ALTER TABLE public.users OWNER TO postgres;

--
-- Name: COLUMN users.active; Type: COMMENT; Schema: public; Owner: postgres
--

COMMENT ON COLUMN public.users.active IS 'Soft-delete indicator';


--
-- Name: users_id_seq; Type: SEQUENCE; Schema: public; Owner: postgres
--

ALTER TABLE public.users ALTER COLUMN id ADD GENERATED BY DEFAULT AS IDENTITY (
    SEQUENCE NAME public.users_id_seq
    START WITH 1
    INCREMENT BY 1
    NO MINVALUE
    NO MAXVALUE
    CACHE 1
);


--
-- Name: users_seq; Type: SEQUENCE; Schema: public; Owner: postgres
--

CREATE SEQUENCE public.users_seq
    START WITH 1
    INCREMENT BY 50
    NO MINVALUE
    NO MAXVALUE
    CACHE 1;


ALTER TABLE public.users_seq OWNER TO postgres;

--
-- Data for Name: categories; Type: TABLE DATA; Schema: public; Owner: postgres
--

COPY public.categories (id, created_at, description, name, updated_at) FROM stdin;
1	2026-01-25 00:22:43.181166	Scalable infrastructure, AWS, Azure, and serverless architectures.	Cloud Computing	2026-01-25 00:22:43.181166
2	2026-01-25 00:22:43.181166	Focusing on network security, ethical hacking, and data protection.	Cybersecurity	2026-01-25 00:22:43.181166
3	2026-01-25 00:22:43.181166	Principles of user interface design and enhancing user experience.	UI/UX Design	2026-01-25 00:22:43.181166
4	2026-01-25 00:22:43.181166	Decentralized ledgers, smart contracts, and cryptocurrency tech.	Blockchain	2026-01-25 00:22:43.181166
5	2026-01-25 00:22:43.181166	Big data processing, statistical analysis, and data visualization.	Data Science	2026-01-25 00:22:43.181166
6	2026-01-25 00:22:43.181166	Continuous integration, delivery pipelines, and infrastructure as code.	DevOps	2026-01-25 00:22:43.181166
7	2026-01-25 00:22:43.181166	Building native and cross-platform apps for iOS and Android.	Mobile Dev	2026-01-25 00:22:43.181166
8	2026-01-25 00:22:43.181166	Next-generation computing using qubits and quantum mechanics.	Quantum Computing	2026-01-25 00:22:43.181166
9	2026-01-25 00:22:43.181166	Processing data closer to the source to reduce latency.	Edge Computing	2026-01-25 00:22:43.181166
10	2026-01-25 00:22:43.181166	The intersection of biology and technology in medical engineering.	BioTech	2026-01-25 00:22:43.181166
\.


--
-- Data for Name: post_tags; Type: TABLE DATA; Schema: public; Owner: postgres
--

COPY public.post_tags (post_id, tag) FROM stdin;
\.


--
-- Data for Name: posts; Type: TABLE DATA; Schema: public; Owner: postgres
--

COPY public.posts (id, content, created_at, deleted_at, image_url, is_published, slug, summary, title, updated_at, view_count, is_deleted, author_id, category_id) FROM stdin;
1	As enterprises grow, a single cloud provider often isn't enough. Multi-cloud networking allows companies to distribute workloads across AWS, Azure, and Google Cloud, ensuring high availability and avoiding vendor lock-in. However, this comes with the challenge of consistent security policies and data latency. In this post, we explore how service meshes like Istio can bridge the gap between different cloud environments.	2026-01-25 00:25:42.217242	\N	\N	t	scaling-beyond-limits-a-guide-to-multicloud-networking-a7484	\N	Scaling Beyond Limits: A Guide to Multi-Cloud Networking	2026-01-25 00:25:42.217312	0	f	7	1
2	Cloud computing is often sold as a cost-saving measure, but without proper oversight, monthly bills can spiral out of control. FinOps (Financial Operations) is a burgeoning discipline that combines finance and engineering to optimize cloud spending. We look at strategies like rightsizing instances, using spot blocks, and tagging resources to gain 100% visibility into your infrastructure costs.	2026-01-25 00:25:56.294333	\N	\N	t	the-finops-revolution-managing-cloud-waste-0903c	\N	The FinOps Revolution: Managing Cloud Waste	2026-01-25 00:25:56.29439	0	f	8	1
3	The traditional idea of a 'secure' corporate network is dead. With the rise of remote work, security must follow the user and the device, not the IP address. Zero Trust architecture operates on a simple principle: 'Never trust, always verify.' We discuss the implementation of Multi-Factor Authentication (MFA) and micro-segmentation to prevent lateral movement during a breach.	2026-01-25 00:26:15.799927	\N	\N	t	zero-trust-the-end-of-the-corporate-perimeter-ff03a	\N	Zero Trust: The End of the Corporate Perimeter	2026-01-25 00:26:15.799969	0	f	9	2
4	Generative AI isn't just for productivity; it's being used to create perfectly written, highly personalized phishing emails that bypass traditional spam filters. Hackers are now using Deepfake audio to impersonate CEOs during wire transfer requests. This article explores how security teams can use 'Defensive AI' to detect these anomalies before a human even clicks a link.	2026-01-25 00:26:27.370638	\N	\N	t	ai-in-the-hands-of-hackers-the-next-wave-of-phishing-017c1	\N	AI in the Hands of Hackers: The Next Wave of Phishing	2026-01-25 00:26:27.370683	0	f	10	2
5	The small 'pop' sound when you send a message or the subtle bounce of a refresh pull-down—these are micro-interactions. They provide essential feedback and make an interface feel alive. We analyze why these small details are the secret to app retention and how to design them without overwhelming the user's cognitive load.	2026-01-25 00:26:40.148167	\N	\N	t	the-psychology-of-microinteractions-5ea5f	\N	The Psychology of Micro-Interactions	2026-01-25 00:26:40.148208	0	f	11	3
6	Inclusive design is no longer optional. With global regulations tightening, apps must be usable by everyone, including those with visual, auditory, or motor impairments. We break down WCAG 2.1 standards, focusing on screen reader compatibility, high-contrast modes, and why 'semantic HTML' is the foundation of accessible web design.	2026-01-25 00:26:53.34536	\N	\N	t	accessibility-first-designing-for-the-next-billion-users-741eb	\N	Accessibility First: Designing for the Next Billion Users	2026-01-25 00:26:53.345393	0	f	12	3
7	Blockchain is moving beyond JPEG NFTs. The next frontier is tokenizing real estate, gold, and treasury bills. By putting these assets on-chain, we can enable 24/7 trading, fractional ownership, and instant settlement. This post looks at the regulatory hurdles and the technical architecture required to bridge legacy finance with decentralized ledgers.	2026-01-25 00:27:37.446541	\N	\N	t	the-realworld-asset-rwa-tokenization-wave-f6033	\N	The Real-World Asset (RWA) Tokenization Wave	2026-01-25 00:27:37.446589	0	f	3	4
8	In the world of DeFi, code is law. If there is a bug in your smart contract, there is no 'undo' button. We explore the common pitfalls in Solidity development, such as reentrancy attacks and integer overflows. We also discuss why formal verification and third-party audits are essential before launching any protocol on a mainnet.	2026-01-25 00:27:47.474687	\N	\N	t	smart-contract-auditing-preventing-the-next-100m-hack-a3591	\N	Smart Contract Auditing: Preventing the Next $100M Hack	2026-01-25 00:27:47.474725	0	f	5	4
9	Most data scientists spend 80% of their time cleaning messy datasets and only 20% building models. From handling null values to normalizing inconsistent date formats, data munging is the most critical step in any pipeline. We share our favorite Python libraries like Pandas and Dask for cleaning terabyte-scale data efficiently.	2026-01-25 00:28:23.012793	\N	\N	t	the-dirty-secret-of-data-science-data-cleaning-678cd	\N	The Dirty Secret of Data Science: Data Cleaning	2026-01-25 00:28:23.01282	0	f	2	5
10	As AI makes more life-altering decisions—from mortgage approvals to medical diagnoses—we need to know *why* a model made a specific choice. Explainable AI (XAI) techniques like SHAP values and LIME help data scientists interpret complex neural networks, building trust with stakeholders and ensuring regulatory compliance.	2026-01-25 00:28:37.324467	\N	\N	t	explainable-ai-xai-opening-the-black-box-2e1c1	\N	Explainable AI (XAI): Opening the Black Box	2026-01-25 00:28:37.324552	0	f	2	5
11	GitOps takes the 'Infrastructure as Code' concept to the next level by using Git as the single source of truth for your entire system state. When you merge a pull request, tools like ArgoCD automatically synchronize your Kubernetes cluster to match the repository. We discuss why this model reduces deployment errors and improves disaster recovery times.	2026-01-25 00:29:00.19162	\N	\N	t	gitops-the-future-of-infrastructure-deployment-ad2c7	\N	GitOps: The Future of Infrastructure Deployment	2026-01-25 00:29:00.191669	0	f	1	6
12	The best way to avoid a system failure is to cause one on purpose. Chaos Engineering, pioneered by Netflix with 'Chaos Monkey,' involves injecting faults into your system to see how it recovers. In this post, we show you how to start small by killing non-critical microservices and measuring your system's resilience metrics.	2026-01-25 00:29:18.702679	\N	\N	t	chaos-engineering-why-you-should-break-your-production-a6e0e	\N	Chaos Engineering: Why You Should Break Your Production	2026-01-25 00:29:18.702721	0	f	2	6
13	Unlike React Native or Flutter, Kotlin Multiplatform doesn't try to abstract the UI. Instead, it allows you to share the business logic (networking, database, and state management) while keeping the native UI performance of Swift and Jetpack Compose. This post explores why major tech companies are migrating to KMP to save development costs.	2026-01-25 00:29:43.51328	\N	\N	t	kotlin-multiplatform-kmp-a-new-era-for-android-and-ios-7cf4e	\N	Kotlin Multiplatform (KMP): A New Era for Android and iOS	2026-01-25 00:29:43.513327	0	f	3	7
14	Android's UI toolkit has moved away from XML and toward a fully declarative model. Jetpack Compose simplifies UI development by allowing you to describe your interface in pure Kotlin. We look at the 'State' pattern, recomposition performance, and how to build beautiful animations with just a few lines of code.	2026-01-25 00:29:55.419051	\N	\N	t	mastering-jetpack-compose-the-declarative-future-77a2c	\N	Mastering Jetpack Compose: The Declarative Future	2026-01-25 00:29:55.419122	0	f	7	7
15	Quantum computers use qubits to perform calculations that would take classical supercomputers thousands of years. While Google and IBM have claimed milestones, the industry is still in the 'NISQ' (Noisy Intermediate-Scale Quantum) era. We explain the challenges of decoherence and why error correction is the next big hurdle for the field.	2026-01-25 00:30:07.597323	\N	\N	t	quantum-supremacy-are-we-there-yet-1e3e3	\N	Quantum Supremacy: Are We There Yet?	2026-01-25 00:30:07.597358	0	f	8	8
16	Quantum computers pose a direct threat to RSA and Elliptic Curve encryption. If a powerful enough quantum computer is built, it could break most modern security. This post looks at the NIST competition for new, 'quantum-resistant' algorithms and why companies should start planning their cryptographic migration today.	2026-01-25 00:30:18.441523	\N	\N	t	the-postquantum-cryptography-race-1bab0	\N	The Post-Quantum Cryptography Race	2026-01-25 00:30:18.441565	0	f	9	8
17	The cloud is moving closer to the user. With 5G, we can now process data at the 'edge' of the network, reducing latency to single-digit milliseconds. This is critical for applications like autonomous vehicles and augmented reality. We discuss how AWS Wavelength and Azure Edge Zones are changing the topology of the internet.	2026-01-25 00:30:31.759041	\N	\N	t	edge-computing-and-the-5g-revolution-00059	\N	Edge Computing and the 5G Revolution	2026-01-25 00:30:31.759088	0	f	10	9
18	You don't need a GPU cluster to run machine learning. TinyML is the field of running optimized models on low-power microcontrollers. From voice activation to anomaly detection in industrial sensors, we explore how to deploy TensorFlow Lite models on hardware with only a few kilobytes of RAM.	2026-01-25 00:30:44.440877	\N	\N	t	tinyml-running-ai-on-toasters-and-lightbulbs-671c7	\N	TinyML: Running AI on Toasters and Lightbulbs	2026-01-25 00:30:44.440918	0	f	1	9
19	Genetic engineering is no longer science fiction. CRISPR technology allows scientists to 'cut and paste' DNA with high precision. While the potential to cure genetic diseases like sickle cell anemia is revolutionary, it also opens up massive ethical debates. We look at the technical process of 'guide RNA' and the future of germline editing.	2026-01-25 00:31:02.754336	\N	\N	t	crisprcas9-programming-the-human-genome-faa0c	\N	CRISPR-Cas9: Programming the Human Genome	2026-01-25 00:31:02.754379	0	f	10	10
20	In the near future, doctors might test drugs on a digital version of you before prescribing them. Bio-simulation is creating 'digital twins' of organs and cellular systems to predict how a patient will respond to therapy. This post explores the intersection of biology, big data, and computational modeling in personalized medicine.	2026-01-25 00:31:14.486941	\N	\N	t	the-digital-twin-of-the-human-body-3d6d7	\N	The Digital Twin of the Human Body	2026-01-25 00:31:14.486983	0	f	10	10
21	As we move further into 2026, the demand for scalable cloud solutions has reached an all-time high. Companies are moving away from monolithic architectures toward distributed microservices that leverage serverless functions for cost efficiency. This post explores how Kubernetes and advanced orchestration tools are simplifying the deployment of global-scale applications while maintaining 99.99% uptime through automated failover and regional redundancy.	2026-01-25 00:45:42.060528	\N	\N	t	scaling-cloud-infrastructure-in-2026-066b7	\N	Scaling Cloud Infrastructure in 2026	2026-01-25 00:45:42.06056	0	f	1	1
22	In an era of sophisticated phishing and ransomware, the perimeter-based security model is dead. Zero-Trust Architecture (ZTA) operates on the principle of 'never trust, always verify.' By implementing strict identity verification for every person and device trying to access resources on a private network, regardless of whether they are sitting inside or outside of the network perimeter, organizations can significantly reduce their attack surface.	2026-01-25 00:45:42.11588	\N	\N	t	the-rise-of-zerotrust-security-2b2ed	\N	The Rise of Zero-Trust Security	2026-01-25 00:45:42.115912	0	f	2	2
23	Designers are increasingly favoring clean, minimalist interfaces that prioritize content over decoration. This shift isn't just aesthetic; it improves cognitive load for the user. By utilizing negative space, bold typography, and limited color palettes, we can guide the user's eye to the most important call-to-action (CTA). This post deep dives into the psychology of user behavior when faced with 'clean' vs 'cluttered' dashboards.	2026-01-25 00:45:42.177798	\N	\N	t	minimalism-in-modern-uiux-bb4b3	\N	Minimalism in Modern UI/UX	2026-01-25 00:45:42.177834	0	f	3	3
24	While Bitcoin and Ethereum dominate the headlines, the underlying ledger technology is revolutionizing supply chain management and digital identity. Smart contracts allow for the automated execution of legal agreements without the need for costly intermediaries. We examine how decentralized finance (DeFi) is merging with traditional logistics to create transparent, tamper-proof tracking for global shipping containers.	2026-01-25 00:45:42.240875	\N	\N	t	blockchain-beyond-cryptocurrency-a1f26	\N	Blockchain Beyond Cryptocurrency	2026-01-25 00:45:42.240906	0	f	4	4
25	As Data Science pushes the boundaries of AI, the ethical implications of Large Language Models (LLMs) cannot be ignored. Bias in training data can lead to discriminatory outputs that affect real-world decisions in hiring, lending, and law enforcement. This article discusses the frameworks being developed by researchers to ensure AI transparency, interpretability, and fairness in automated decision-making systems.	2026-01-25 00:45:42.297399	\N	\N	t	ethics-in-large-language-models-cb907	\N	Ethics in Large Language Models	2026-01-25 00:45:42.297466	0	f	5	5
26	DevOps has evolved from a simple cultural shift to a highly automated technical requirement. Integration of AI into CI/CD pipelines is now allowing for 'predictive testing,' where the system identifies which tests are most likely to fail based on the code changes submitted. This drastically reduces the time developers spend waiting for build results and speeds up the deployment cycle for high-frequency release teams.	2026-01-25 00:45:42.352376	\N	\N	t	the-future-of-cicd-pipelines-4906f	\N	The Future of CI/CD Pipelines	2026-01-25 00:45:42.352421	0	f	6	6
27	Mobile development is in the midst of a cross-platform revolution. While Flutter provides a consistent UI across devices, Kotlin Multiplatform (KMP) allows developers to share business logic while maintaining native performance and UI feel. This guide compares the two approaches, looking at developer productivity, community support, and the long-term maintainability of codebases for enterprise-level applications.	2026-01-25 00:45:42.402299	\N	\N	t	kotlin-multiplatform-vs-flutter-24382	\N	Kotlin Multiplatform vs Flutter	2026-01-25 00:45:42.402337	0	f	7	7
28	Quantum computing is no longer a theoretical dream. With the development of Shor's algorithm and Grover's algorithm, we are on the verge of solving problems that would take classical computers millions of years to compute. We explore how quantum bits (qubits) and the principles of superposition and entanglement allow for parallel processing on an exponential scale, potentially breaking current encryption standards.	2026-01-25 00:45:42.496991	\N	\N	t	introduction-to-quantum-algorithms-a1c6d	\N	Introduction to Quantum Algorithms	2026-01-25 00:45:42.497187	0	f	8	8
29	With billions of IoT devices coming online, sending all data to a centralized cloud is becoming inefficient. Edge computing brings computation and data storage closer to the location where it is needed, improving response times and saving bandwidth. From autonomous vehicles to smart factory sensors, processing data at the 'edge' is the only way to achieve the low-latency requirements of modern real-time systems.	2026-01-25 00:45:42.589805	\N	\N	t	edge-computing-and-the-iot-explosion-f3f5c	\N	Edge Computing and the IoT Explosion	2026-01-25 00:45:42.589846	0	f	9	9
30	BioTech is merging with information technology in unprecedented ways. CRISPR gene-editing technology is allowing scientists to 'code' biological systems much like software developers write scripts. This post explores the potential for curing genetic diseases, creating sustainable biofuels, and the massive data processing power required to sequence genomes at the speed needed for personalized medicine.	2026-01-25 00:45:42.692363	\N	\N	t	crispr-and-the-biotech-revolution-16192	\N	CRISPR and the BioTech Revolution	2026-01-25 00:45:42.692443	0	f	10	10
31	Relying on a single cloud provider is a risk many enterprises are no longer willing to take. A multi-cloud strategy provides flexibility and avoids vendor lock-in, but it introduces significant complexity in networking and security. We look at tools like Terraform and Anthos that provide a unified management layer across AWS, Azure, and Google Cloud, ensuring consistent policy enforcement and cost monitoring.	2026-01-25 00:45:42.770339	\N	\N	t	managing-multicloud-environments-2c246	\N	Managing Multi-Cloud Environments	2026-01-25 00:45:42.770381	0	f	2	1
32	The transition to permanent remote work has fundamentally changed the corporate network. Traditional VPNs are often insufficient for modern needs. This post looks at the implementation of Secure Access Service Edge (SASE), which combines WAN capabilities with comprehensive cloud-native security functions like FWaaS and CASB to support the dynamic secure access needs of distributed global organizations.	2026-01-25 00:45:42.868226	\N	\N	t	securing-remote-workforces-33c6e	\N	Securing Remote Workforces	2026-01-25 00:45:42.868263	0	f	3	2
33	Web accessibility (a11y) is no longer an optional feature; it is a legal and ethical requirement. Designing for users with visual, auditory, or motor impairments actually results in a better experience for everyone. We discuss the WCAG 2.2 guidelines and how to implement features like screen reader support, keyboard navigation, and high-contrast modes without compromising on the visual appeal of your modern web app.	2026-01-25 00:45:42.958161	\N	\N	t	accessible-design-for-all-users-cac7d	\N	Accessible Design for All Users	2026-01-25 00:45:42.958192	0	f	4	3
34	Beyond the hype of digital art, Non-Fungible Tokens (NFTs) represent a fundamental shift in how we perceive ownership in the digital realm. From tokenizing real estate deeds to verifying the authenticity of luxury goods, the ability to prove uniqueness on a public blockchain has vast implications for global trade and property rights. This article clears the noise and focuses on the long-term utility of the technology.	2026-01-25 00:45:43.031513	\N	\N	t	nfts-and-digital-ownership-c425c	\N	NFTs and Digital Ownership	2026-01-25 00:45:43.03156	0	f	5	4
35	Data science is transforming how retailers manage inventory and customer satisfaction. By analyzing historical purchase data combined with social media trends and weather patterns, machine learning models can predict demand with startling accuracy. This post explains the technical pipeline involved in building a demand-forecasting engine using Python, Spark, and advanced regression models for high-volume commerce.	2026-01-25 00:45:43.113791	\N	\N	t	predictive-analytics-in-retail-b9010	\N	Predictive Analytics in Retail	2026-01-25 00:45:43.113838	0	f	6	5
36	In a distributed system, knowing that a service is 'down' isn't enough; you need to know 'why.' Monitoring tells you when something is wrong, but observability allows you to understand the internal state of a system by looking at its outputs. We discuss the 'three pillars' of observability—logs, metrics, and traces—and how tools like Prometheus and Jaeger help developers debug complex microservice interactions.	2026-01-25 00:45:43.196031	\N	\N	t	observability-vs-monitoring-ab550	\N	Observability vs Monitoring	2026-01-25 00:45:43.196083	0	f	7	6
37	Apple's SwiftUI has changed the way developers build interfaces for the entire Apple ecosystem. Its declarative syntax makes it easy to read and write, significantly reducing the amount of boilerplate code compared to UIKit. This post covers the latest updates in SwiftUI, including improved navigation patterns and how to integrate it with existing Objective-C or Swift codebases for gradual migration.	2026-01-25 00:45:43.272213	\N	\N	t	swiftui-the-future-of-ios-dc105	\N	SwiftUI: The Future of iOS	2026-01-25 00:45:43.272291	0	f	8	7
38	With the threat of quantum computers looms the potential collapse of current RSA and ECC encryption. Post-Quantum Cryptography (PQC) focuses on developing cryptographic systems that are secure against both quantum and classical computers. We dive into lattice-based cryptography and hash-based signatures, which are currently being standardized by NIST to protect the digital infrastructure of the next decade.	2026-01-25 00:45:43.339046	\N	\N	t	postquantum-cryptography-eea25	\N	Post-Quantum Cryptography	2026-01-25 00:45:43.33908	0	f	9	8
39	5G is more than just faster mobile internet; it is the backbone of the edge computing revolution. With ultra-low latency and high device density support, 5G enables real-time communication between autonomous drones, industrial robots, and city infrastructure. We analyze how the rollout of 5G 'slices' allows for dedicated bandwidth for mission-critical applications that cannot afford even a millisecond of delay.	2026-01-25 00:45:43.404109	\N	\N	t	5g-and-the-edge-evolution-c23c5	\N	5G and the Edge Evolution	2026-01-25 00:45:43.404144	0	f	10	9
40	Synthetic biology is the design and construction of new biological parts, devices, and systems. By applying engineering principles to biology, researchers are creating 'cell factories' that can produce everything from insulin to biodegradable plastics. This post looks at the software tools used to design DNA sequences and the automated labs that are turning biological research into an industrial process.	2026-01-25 00:45:43.472809	\N	\N	t	synthetic-biology-foundations-995c8	\N	Synthetic Biology Foundations	2026-01-25 00:45:43.472856	0	f	1	10
41	For the financial sector, a complete move to the public cloud is often hindered by strict data sovereignty laws. A hybrid cloud approach allows banks to keep sensitive customer data on-premises while using the public cloud for high-performance computing tasks like risk modeling and fraud detection. This article outlines the architecture required to maintain a seamless connection between private and public environments.	2026-01-25 00:45:43.538592	\N	\N	t	hybrid-cloud-strategy-for-banks-05e3a	\N	Hybrid Cloud Strategy for Banks	2026-01-25 00:45:43.53864	0	f	3	1
42	As hackers begin to use AI to automate their attacks, security teams must fight fire with fire. AI-driven security platforms can analyze millions of events per second to identify anomalies that would be impossible for a human analyst to spot. We discuss the balance between automated response and human oversight, and how machine learning is being used to predict the next move of sophisticated threat actors.	2026-01-25 00:45:43.591311	\N	\N	t	ai-in-cyber-defense-5efbd	\N	AI in Cyber Defense	2026-01-25 00:45:43.591347	0	f	4	2
43	Dark mode has transitioned from a niche developer feature to a standard user expectation. Beyond saving battery life on OLED screens, dark mode reduces eye strain in low-light environments. This post explores the technical challenges of implementing dynamic themes in CSS and React, ensuring that brand identity is maintained while providing the best possible readability for the end user.	2026-01-25 00:45:43.649706	\N	\N	t	the-impact-of-dark-mode-74786	\N	The Impact of Dark Mode	2026-01-25 00:45:43.649752	0	f	5	3
44	Current identity systems rely on central authorities like Google or Facebook. Decentralized Identifiers (DIDs) allow individuals to own their digital identity without depending on any single corporation. This post explains the W3C standard for DIDs and how they enable 'Self-Sovereign Identity,' allowing users to share only the specific data points needed for a transaction while keeping the rest private.	2026-01-25 00:45:43.709366	\N	\N	t	decentralized-identifiers-dids-06045	\N	Decentralized Identifiers (DIDs)	2026-01-25 00:45:43.709424	0	f	6	4
45	Relational databases struggle with the complex, deeply nested relationships found in social networks. Graph databases like Neo4j treat the relationships between data points as first-class citizens, allowing for lightning-fast queries like 'find all friends of friends who like Java.' We discuss the transition from SQL to Cypher and why graph theory is essential for modern recommendation engines.	2026-01-25 00:45:43.770223	\N	\N	t	graph-databases-for-social-nets-44ab5	\N	Graph Databases for Social Nets	2026-01-25 00:45:43.770255	0	f	7	5
46	SRE is what happens when you ask a software engineer to design an operations team. It focuses on using software as a tool to manage systems, solve problems, and automate operations tasks. We look at the core concepts of SRE, including Service Level Objectives (SLOs), Error Budgets, and the importance of 'toil' reduction to keep engineering teams focused on innovation rather than fire-fighting.	2026-01-25 00:45:43.83081	\N	\N	t	site-reliability-engineering-sre-6335b	\N	Site Reliability Engineering (SRE)	2026-01-25 00:45:43.830853	0	f	8	6
47	React Native continues to dominate the cross-platform space by allowing developers to write JavaScript while rendering native components. With the recent 'New Architecture' rollout, the bridge has been replaced by JSI, allowing for faster communication between the JS thread and the native side. This post reviews the performance benchmarks and why enterprise companies still choose React Native for rapid feature iteration.	2026-01-25 00:45:43.894009	\N	\N	t	react-native-in-2026-c074b	\N	React Native in 2026	2026-01-25 00:45:43.894065	0	f	9	7
48	QKD uses the laws of quantum mechanics to secure communication channels. Unlike traditional encryption, which can theoretically be broken by high-speed computers, QKD is 'provably secure.' Any attempt to eavesdrop on the quantum state of the signal will disturb the system, immediately alerting the senders to the breach. We discuss the current hardware limitations and the progress of satellite-based quantum networks.	2026-01-25 00:45:43.956049	\N	\N	t	quantum-key-distribution-qkd-1f689	\N	Quantum Key Distribution (QKD)	2026-01-25 00:45:43.956086	0	f	10	8
49	Edge AI refers to the practice of running AI algorithms locally on a hardware device rather than in the cloud. This provides instant results, works without an internet connection, and keeps sensitive data on the device. From face recognition on smartphones to anomaly detection on industrial machines, we look at the specialized hardware like TPUs and NPUs that make mobile AI possible.	2026-01-25 00:45:44.005598	\N	\N	t	edge-ai-processing-on-device-5e745	\N	Edge AI: Processing on Device	2026-01-25 00:45:44.005631	0	f	1	9
50	The human genome consists of about 3 billion base pairs. Processing this data to find patterns associated with specific diseases is the ultimate big data challenge. We explore how tools like Apache Hadoop and custom Python libraries are used in bioinformatics to perform sequence alignment, variant calling, and protein structure prediction, paving the way for targeted cancer therapies and vaccines.	2026-01-25 00:45:44.059924	\N	\N	t	bioinformatics-and-big-data-535c7	\N	Bioinformatics and Big Data	2026-01-25 00:45:44.059959	0	f	2	10
51	While Kubernetes is powerful, it is also easy to misconfigure. Many teams treat it like a traditional VM manager, leading to wasted resources and security holes. This post outlines common anti-patterns, such as using the 'latest' tag for images, ignoring resource limits, and running containers as root. We provide the 'best practice' alternatives to ensure your cluster remains stable and secure.	2026-01-25 00:45:44.116299	\N	\N	t	kubernetes-antipatterns-57b53	\N	Kubernetes Anti-Patterns	2026-01-25 00:45:44.116324	0	f	4	1
52	In a modern DevOps environment, security cannot be a final 'check' before release. DevSecOps integrates security practices throughout the entire lifecycle, from design to code to production. We discuss the implementation of Static and Dynamic Analysis (SAST/DAST) tools and how to empower developers to take ownership of security without slowing down the development velocity.	2026-01-25 00:45:44.171328	\N	\N	t	devsecops-security-at-speed-5e981	\N	DevSecOps: Security at Speed	2026-01-25 00:45:44.171372	0	f	5	2
53	The difference between a good product and a great one often lies in the details. Micro-interactions—small animations like a heart 'popping' when you like a post or a subtle vibration when a task is completed—provide essential feedback to the user. This post explains how to design these moments to be helpful and delightful without becoming a distraction that gets in the way of the user's primary goal.	2026-01-25 00:45:44.242039	\N	\N	t	microinteractions-in-ux-53a42	\N	Micro-Interactions in UX	2026-01-25 00:45:44.242076	0	f	6	3
54	Decentralized Autonomous Organizations (DAOs) are organizations represented by rules encoded as a computer program that is transparent, controlled by the organization members, and not influenced by a central government. We look at the technical stack behind DAOs, including governance tokens and voting mechanisms, and the legal challenges they face as they attempt to disrupt traditional corporate hierarchies.	2026-01-25 00:45:44.309703	\N	\N	t	dao-the-new-corporate-form-5ffc6	\N	DAO: The New Corporate Form	2026-01-25 00:45:44.309733	0	f	7	4
55	With the explosion of LLMs, vector databases like Pinecone and Milvus have become essential. They allow for the efficient storage and retrieval of high-dimensional 'embeddings' representing text, images, or audio. This post explains how vector search works using nearest neighbor algorithms and why it is the backbone of 'Long-term Memory' for AI agents and recommendation systems.	2026-01-25 00:45:44.369046	\N	\N	t	vector-databases-for-ai-3cb31	\N	Vector Databases for AI	2026-01-25 00:45:44.369081	0	f	8	5
56	Manual server configuration is a thing of the past. IaC allows teams to define their infrastructure using declarative files, enabling version control, testing, and rapid replication of environments. We compare Terraform, Pulumi, and AWS CloudFormation, looking at how to manage 'state' and ensure that your infrastructure remains in sync with your code across different cloud providers.	2026-01-25 00:45:44.428297	\N	\N	t	infrastructure-as-code-iac-6313b	\N	Infrastructure as Code (IaC)	2026-01-25 00:45:44.428327	0	f	9	6
57	Foldable and dual-screen phones present a new challenge for mobile developers. Apps must now handle 'posture' changes—switching from a single screen to a large tablet-like interface seamlessly. We discuss the APIs available in Android and iOS to detect hinge angles and screen orientation, and how to design responsive layouts that take advantage of the extra screen real estate without breaking the UI.	2026-01-25 00:45:44.487083	\N	\N	t	the-rise-of-foldable-devices-f979c	\N	The Rise of Foldable Devices	2026-01-25 00:45:44.487128	0	f	10	7
58	The biggest hurdle to practical quantum computing is 'noise' that leads to errors. Quantum Error Correction (QEC) is a method to protect quantum information from decoherence. Unlike classical bits, you cannot simply copy a qubit to check for errors. This post explains the concept of logical qubits made from multiple physical qubits and the progress being made toward fault-tolerant quantum hardware.	2026-01-25 00:45:44.55023	\N	\N	t	quantum-error-correction-f17e9	\N	Quantum Error Correction	2026-01-25 00:45:44.550272	0	f	1	8
59	Fog computing is a decentralized computing infrastructure in which data, compute, storage, and applications are located somewhere between the data source and the cloud. It acts as an extension of the cloud to the edge of the network. We examine how fog nodes can aggregate data from thousands of sensors, perform initial analysis, and only send the necessary summaries to the cloud, reducing latency and costs.	2026-01-25 00:45:44.618982	\N	\N	t	the-fog-computing-architecture-8a512	\N	The Fog Computing Architecture	2026-01-25 00:45:44.619027	0	f	2	9
60	Every person's genetic makeup is different, so why is medicine 'one size fits all'? Personalized medicine uses a patient's genetic profile to guide decisions made in regard to the prevention, diagnosis, and treatment of disease. This post looks at the data processing pipelines that allow doctors to select the exact medication and dosage that will be most effective for an individual's specific DNA structure.	2026-01-25 00:45:44.689028	\N	\N	t	personalized-medicine-and-dna-b42dd	\N	Personalized Medicine and DNA	2026-01-25 00:45:44.689102	0	f	3	10
61	Cloud bills can spiral out of control quickly. Effective cost optimization requires more than just turning off unused instances; it involves architecting for savings. We discuss the use of Spot Instances for non-critical workloads, Graviton processors for better price-performance, and S3 Intelligent-Tiering to automatically move data to cheaper storage classes based on access patterns.	2026-01-25 00:45:44.757485	\N	\N	t	cost-optimization-in-aws-f861a	\N	Cost Optimization in AWS	2026-01-25 00:45:44.757536	0	f	5	1
62	Software supply chain attacks, where a vulnerability is introduced into a third-party library, are on the rise. We look at the importance of the Software Bill of Materials (SBOM) and tools that can scan your dependencies for known vulnerabilities (CVEs) during the build process. Learn how to verify the provenance of your container images to ensure that what you deploy is exactly what you built.	2026-01-25 00:45:44.828397	\N	\N	t	securing-the-supply-chain-cddcf	\N	Securing the Supply Chain	2026-01-25 00:45:44.828483	0	f	6	2
63	Typography is the foundation of web design. It is not just about choosing a pretty font; it's about readability, loading speed, and hierarchy. This post explores the use of 'variable fonts' which allow for infinite weights and styles in a single small file, and the importance of fluid typography that scales perfectly across every device from a smartwatch to a 4k monitor.	2026-01-25 00:45:44.897543	\N	\N	t	typography-for-the-web-4850b	\N	Typography for the Web	2026-01-25 00:45:44.897594	0	f	7	3
64	Main blockchains like Ethereum can be slow and expensive. Layer 2 solutions, like Optimistic Rollups and ZK-Rollups, handle transactions off the main chain and then post a summary back to it. This provides the security of the main chain with the speed and low cost of a private network. We explain the technical differences between these 'rollups' and which one is better for different types of dApps.	2026-01-25 00:45:44.989441	\N	\N	t	layer-2-scaling-solutions-c98b5	\N	Layer 2 Scaling Solutions	2026-01-25 00:45:44.990499	0	f	8	4
65	Reinforcement Learning (RL) is an area of machine learning concerned with how intelligent agents ought to take actions in an environment to maximize the notion of cumulative reward. From teaching robots to walk to optimizing energy usage in data centers, RL is solving problems where the 'correct' answer isn't known in advance, but the 'goal' is clearly defined. We walk through a simple Q-learning implementation.	2026-01-25 00:45:45.102774	\N	\N	t	reinforcement-learning-basics-7c8d6	\N	Reinforcement Learning Basics	2026-01-25 00:45:45.102817	0	f	9	5
66	The 'Serverless' movement has evolved. Frameworks like SST and AWS CDK are making it easier for developers to define their cloud resources using the same language they use for their application code. This post reviews the state of cold-start times in 2026 and how the 'Last Mile' of serverless—connecting to databases and managing state—is finally being solved by new managed service offerings.	2026-01-25 00:45:45.191955	\N	\N	t	serverless-frameworks-in-2026-98973	\N	Serverless Frameworks in 2026	2026-01-25 00:45:45.192013	0	f	10	6
67	Is the performance gap between native and cross-platform apps finally gone? We run a series of benchmarks comparing CPU usage, memory footprint, and frame rates of apps built with Swift, Kotlin, Flutter, and React Native. While the gap is closing, there are still specific use cases—like high-end gaming or intense image processing—where native code remains the clear winner.	2026-01-25 00:45:45.291483	\N	\N	t	native-vs-crossplatform-performance-ccab3	\N	Native vs Cross-Platform Performance	2026-01-25 00:45:45.291536	0	f	1	7
68	Quantum supremacy is the goal of demonstrating that a programmable quantum computer can solve a problem that no classical computer can solve in any feasible amount of time. We look at the landmark experiments from Google and IBM, the controversies surrounding the claims, and what this milestone actually means for the future of cryptography, material science, and pharmaceutical research.	2026-01-25 00:45:45.366743	\N	\N	t	quantum-supremacy-explained-5f09c	\N	Quantum Supremacy Explained	2026-01-25 00:45:45.366788	0	f	2	8
69	The smart city of the future is a massive network of interconnected sensors and actuators. From managing traffic flow in real-time to monitoring air quality and waste management, the amount of data generated is staggering. This article looks at the data pipelines and privacy protections required to build a city that is not only efficient but also respects the digital rights of its citizens.	2026-01-25 00:45:45.436575	\N	\N	t	smart-cities-and-iot-data-22da0	\N	Smart Cities and IoT Data	2026-01-25 00:45:45.436645	0	f	3	9
70	As BioTech advances, the conversation around the ethics of gene editing becomes more urgent. Should we edit genes to prevent disease? What about 'designer babies' or enhancing human performance? This post examines the global regulatory landscape and the scientific consensus on the 'germline' editing of human embryos, highlighting the thin line between medical breakthrough and dystopian future.	2026-01-25 00:45:45.517088	\N	\N	t	the-ethics-of-gene-editing-3f55d	\N	The Ethics of Gene Editing	2026-01-25 00:45:45.517122	0	f	4	10
\.


--
-- Data for Name: users; Type: TABLE DATA; Schema: public; Owner: postgres
--

COPY public.users (id, created_at, email, failed_attempt, firstname, lastname, lock_time, otp, otp_attempts, otp_expiry, password, profile_image_url, roles, updated_at, username, active) FROM stdin;
1	2026-01-25 00:10:38.400009	brij@gmail.com	0	Brij	Kishor	\N	\N	0	\N	$2a$12$1S8X/aJYmO.r0XKLoVSHsOs/wt6rCBYNAN8yiTzNBD3XnUm6vWhEm	\N	ROLE_USER	2026-01-25 00:10:38.40012	brij	t
2	2026-01-25 00:15:45.336504	rajeev@gmail.com	0	Rajeev	Gole	\N	\N	0	\N	$2a$12$A0I7H1srEN2n1yq5u0jT9u2.NQUUWrKlGiOexWAI2nVJZoKiGy2OK	\N	ROLE_USER	2026-01-25 00:15:45.336539	rajeev	t
3	2026-01-25 00:20:12.697611	aarav.patel@gmail.com	0	Aarav	Patel	\N	\N	0	\N	$2a$12$lilFCaBcPeTXN54Sq6VHSurcAGBvZZPipMFGvgKeHbAiPRGKnHQl.	\N	ROLE_USER	2026-01-25 00:20:12.697641	aarav_p	t
4	2026-01-25 00:20:24.922692	vihaan.sharma@yahoo.com	0	Vihaan	Sharma	\N	\N	0	\N	$2a$12$09k9bWlu2.BBrWVxBOYagOj5wpQWN6AK3qdlPNVDN/lUsQQNwJaa6	\N	ROLE_USER	2026-01-25 00:20:24.922725	vihaan_s	t
5	2026-01-25 00:20:33.499157	ananya.iyer@outlook.com	0	Ananya	Iyer	\N	\N	0	\N	$2a$12$ock2PhzRXmuX2W7vRLHjseTUj2y78Chf.qFjt1IH7jdjVG0ozDqJa	\N	ROLE_USER	2026-01-25 00:20:33.499178	ananya_r	t
6	2026-01-25 00:20:41.579765	diya.mehta@gmail.com	0	Diya	Mehta	\N	\N	0	\N	$2a$12$381UwkSCyjEicR.m7yEZz.k7P8g00hmc1HxYDtVUlNWfEofGl8bUC	\N	ROLE_USER	2026-01-25 00:20:41.579787	diya_m	t
7	2026-01-25 00:20:48.983705	advait.nair@qburst.com	0	Advait	Nair	\N	\N	0	\N	$2a$12$Z3kBaOKudHCXs663BDoc8OlZaNDZeIUxXm/RKoppuOU8x.z.Gdy72	\N	ROLE_USER	2026-01-25 00:20:48.983733	advait_n	t
8	2026-01-25 00:20:58.725043	sai.teja@gmail.com	0	Sai	Teja	\N	\N	0	\N	$2a$12$q1qopyR6wCletqyWe0Y3IOxVC4dVfz6NykpwLKqMIYKGaOvnjJTVe	\N	ROLE_USER	2026-01-25 00:20:58.725064	sai_teja	t
9	2026-01-25 00:21:04.633931	ishani.verma@hotmail.com	0	Ishani	Verma	\N	\N	0	\N	$2a$12$3bDW3xKy421xR3f5a9F0D.XseZG.HNcXLEB11rCIb9AUWKRI/6yXe	\N	ROLE_USER	2026-01-25 00:21:04.63404	ishani_v	t
10	2026-01-25 00:21:11.244381	rahul.deshmukh@gmail.com	0	Rahul	Deshmukh	\N	\N	0	\N	$2a$12$hm.YjMvCWnhoZkq5Ot2xJu9SuC3KA/lyLxb08bE3TZc1gjhUsgNKS	\N	ROLE_USER	2026-01-25 00:21:11.244398	rahul_d	t
11	2026-01-25 00:21:17.924668	kavya.bose@yahoo.in	0	Kavya	Bose	\N	\N	0	\N	$2a$12$WLP0mXiQk1Bs3QumtFiOe.BX/gHSfNkXiQjWuVhqj/vNzFM.CunLS	\N	ROLE_USER	2026-01-25 00:21:17.924687	kavya_b	t
12	2026-01-25 00:21:24.137346	arjun.malhotra@gmail.com	0	Arjun	Malhotra	\N	\N	0	\N	$2a$12$Ew73ZwQmoTn/NoHK0SU...lIh17AhtVwbE8m.mhrYWsAEQkL7la7y	\N	ROLE_USER	2026-01-25 00:21:24.137365	arjun_m	t
13	2026-01-29 21:46:09.991693	prankur@outlook.com	0	Prankur	Chaudhary	\N	\N	0	\N	$2a$12$oxrPJsCmC4bwL5XC/KX0s.Xodw80ERweADQqeiz.mXBZq4/TyoooG	\N	ROLE_USER	2026-01-29 21:46:09.991779	prankur	t
\.


--
-- Name: categories_id_seq; Type: SEQUENCE SET; Schema: public; Owner: postgres
--

SELECT pg_catalog.setval('public.categories_id_seq', 10, true);


--
-- Name: posts_id_seq; Type: SEQUENCE SET; Schema: public; Owner: postgres
--

SELECT pg_catalog.setval('public.posts_id_seq', 70, true);


--
-- Name: users_id_seq; Type: SEQUENCE SET; Schema: public; Owner: postgres
--

SELECT pg_catalog.setval('public.users_id_seq', 13, true);


--
-- Name: users_seq; Type: SEQUENCE SET; Schema: public; Owner: postgres
--

SELECT pg_catalog.setval('public.users_seq', 351, true);


--
-- Name: categories categories_pkey; Type: CONSTRAINT; Schema: public; Owner: postgres
--

ALTER TABLE ONLY public.categories
    ADD CONSTRAINT categories_pkey PRIMARY KEY (id);


--
-- Name: posts posts_pkey; Type: CONSTRAINT; Schema: public; Owner: postgres
--

ALTER TABLE ONLY public.posts
    ADD CONSTRAINT posts_pkey PRIMARY KEY (id);


--
-- Name: users uk6dotkott2kjsp8vw4d0m25fb7; Type: CONSTRAINT; Schema: public; Owner: postgres
--

ALTER TABLE ONLY public.users
    ADD CONSTRAINT uk6dotkott2kjsp8vw4d0m25fb7 UNIQUE (email);


--
-- Name: posts ukqmmso8qxjpbxwegdtp0l90390; Type: CONSTRAINT; Schema: public; Owner: postgres
--

ALTER TABLE ONLY public.posts
    ADD CONSTRAINT ukqmmso8qxjpbxwegdtp0l90390 UNIQUE (slug);


--
-- Name: users ukr43af9ap4edm43mmtq01oddj6; Type: CONSTRAINT; Schema: public; Owner: postgres
--

ALTER TABLE ONLY public.users
    ADD CONSTRAINT ukr43af9ap4edm43mmtq01oddj6 UNIQUE (username);


--
-- Name: categories ukt8o6pivur7nn124jehx7cygw5; Type: CONSTRAINT; Schema: public; Owner: postgres
--

ALTER TABLE ONLY public.categories
    ADD CONSTRAINT ukt8o6pivur7nn124jehx7cygw5 UNIQUE (name);


--
-- Name: users users_pkey; Type: CONSTRAINT; Schema: public; Owner: postgres
--

ALTER TABLE ONLY public.users
    ADD CONSTRAINT users_pkey PRIMARY KEY (id);


--
-- Name: posts fk6xvn0811tkyo3nfjk2xvqx6ns; Type: FK CONSTRAINT; Schema: public; Owner: postgres
--

ALTER TABLE ONLY public.posts
    ADD CONSTRAINT fk6xvn0811tkyo3nfjk2xvqx6ns FOREIGN KEY (author_id) REFERENCES public.users(id);


--
-- Name: posts fkijnwr3brs8vaosl80jg9rp7uc; Type: FK CONSTRAINT; Schema: public; Owner: postgres
--

ALTER TABLE ONLY public.posts
    ADD CONSTRAINT fkijnwr3brs8vaosl80jg9rp7uc FOREIGN KEY (category_id) REFERENCES public.categories(id);


--
-- Name: post_tags fkkifam22p4s1nm3bkmp1igcn5w; Type: FK CONSTRAINT; Schema: public; Owner: postgres
--

ALTER TABLE ONLY public.post_tags
    ADD CONSTRAINT fkkifam22p4s1nm3bkmp1igcn5w FOREIGN KEY (post_id) REFERENCES public.posts(id);


--
-- PostgreSQL database dump complete
--

